<?xml version="1.0" encoding="UTF-8" standalone="yes"?>
<?xml-stylesheet type="text/xsl" href="modx.prosilver.en.xsl"?>
<!--NOTICE: Please open this file in your web browser. If presented with a security warning, you may safely tell it to allow the blocked content.-->
<!--For security purposes, please check: http://www.phpbb.com/mods/ for the latest version of this MOD.\nAlthough MODs are checked before being allowed in the MODs Database there is no guarantee that there are no security problems within the MOD.\nNo support will be given for MODs not found within the MODs Database which can be found at http://www.phpbb.com/mods/-->
<mod xmlns:xsi="http://www.w3.org/2001/XMLSchema-instance" xmlns="http://www.phpbb.com/mods/xml/modx-1.2.5.xsd">
	<header>
		<meta name="generator" content="MODX file generated with PP MODX Creator by tumba25 (online version)"/>
		<license><![CDATA[http://opensource.org/licenses/gpl-license.php GNU General Public License v2]]></license>
		<title lang="en"><![CDATA[Highlight.js Automatic Code Prettify]]></title>
		<author-notes lang="en"><![CDATA[http://softwaremaniacs.org/soft/highlight/en/]]></author-notes>
		<author-group>
			<author>
				<username><![CDATA[randomessence]]></username>
			</author>
		</author-group>
		<mod-version>0.1</mod-version>
		<installation>
			<level>easy</level>
			<target-version>3.0.11</target-version>
		</installation>
		<history>
			<entry>
				<date>2012-10-17</date>
				<rev-version>0.1</rev-version>
				<changelog lang="en">
					<change><![CDATA[first revision]]></change>
				</changelog>
			</entry>
		</history>
	</header>
	<action-group>
		<copy>
			<file from="root/*.*" to="*.*"/>
		</copy>
		<open src="styles/prosilver/template/overall_header.html">
			<edit>
				<find><![CDATA[</head>]]></find>
				<action type="before-add"><![CDATA[<link href="{ROOT_PATH}js/highlight/styles/github.css" rel="stylesheet" type="text/css" />
<script type="text/javascript" src="{ROOT_PATH}js/highlight/highlight.pack.js"></script>
<script type="text/javascript">
// ]]>&lt;![CDATA[<![CDATA[
hljs.initHighlightingOnLoad();
// ]]>]]&gt;<![CDATA[
</script>]]></action>
			</edit>
		</open>
		<diy-instructions lang="en"><![CDATA[custom bbcode

[highlight]{TEXT}[/highlight]

<pre><code>{TEXT}</code></pre>

Help: all code in [highlight][/highlight] will get automatically detected and prettified. is small snippets get the wrongly detected use the manual bbcode.

and

[highlight={SIMPLETEXT}]{TEXT}[/highlight]

<pre><code class="{SIMPLETEXT}">{TEXT}</code></pre>

Help: if you code is being incorrectly detected use this code and specify a syntax or type no-highlight in this way [highlight=no-highlight]thsi code[/highlight]]]></diy-instructions>
	</action-group>
</mod>
